Feature,Class,Avg_Potency_SHAP,Avg_Overall_Impact_SHAP,Avg_Mean_Abund_in_High_Abund_TPs,Avg_Proportion_of_TPs_with_Feature,Avg_Fold_Change_TP_vs_nonTP,Num_Runs_Found,Train_Fold_Change,inter_run_robustness,intra_run_robustness,total_robustness_factor,robust_potency,robust_avg_fold_change
Paenibacillus,early,0.020295176,0.020295176,51.494737,1,16.432028,20,15.8578255632107,1,1,1,0.020295176,16.432028
Mycobacterium,early,0.016127896,0.016127896,72.389474,1,2.6175975,20,2.65109380787114,1,1,1,0.016127896,2.6175975
Genus_NA_Rep_ASV69,early,0.014450723,0.014450723,19.842105,1,3.8230379,20,4.05500047523037,1,1,1,0.014450723,3.8230379
Bacillus,early,0.0096315698,0.0096315698,51.126316,1,2.8526274,20,2.86764788727734,1,1,1,0.0096315698,2.8526274
Kitasatospora,early,0.0098582838,0.0094431981,6.0659341,0.95789474,5.0310655,20,4.53337040866455,1,0.95789474,0.95789474,0.009443198197447211,5.0310655
Pseudolabrys,early,0.0089958566,0.0089958566,29.736842,1,2.2812704,20,2.33803498697337,1,1,1,0.0089958566,2.2812704
Genus_NA_Rep_ASV750,early,0.0057797378,0.0057797378,8.8947368,1,2.9035693,20,2.90061546506511,1,1,1,0.0057797378,2.9035693
Candidatus.Udaeobacter,early,0.0039363639,0.0039363639,39.936842,1,3.3496938,20,3.08251801017424,1,1,1,0.0039363639,3.3496938
Genus_NA_Rep_ASV45,early,0.0029879875,0.0029879875,26.357895,1,2.3334296,20,2.09102718427489,1,1,1,0.0029879875,2.3334296
Genus_NA_Rep_ASV200,early,0.0029437107,0.0029437107,35.094737,1,2.500478,20,2.64911092002726,1,1,1,0.0029437107,2.500478
Bryobacter,early,0.0020823453,0.0020823453,14.536842,1,2.6195832,20,2.57688982518816,1,1,1,0.0020823453,2.6195832
Gaiella,early,0.0020192105,0.0020192105,36.547368,1,2.1139415,20,2.09896202893485,1,1,1,0.0020192105,2.1139415
Genus_NA_Rep_ASV627,early,0.0018998119,0.0018998119,12.031579,1,2.7118797,20,2.79307290658453,1,1,1,0.0018998119,2.7118797
Genus_NA_Rep_ASV188,early,0.0018754912,0.0018754912,21.589474,1,1.6194956,20,1.67291794190859,1,1,1,0.0018754912,1.6194956
Pirellula,early,0.0018806578,0.001742083,3.9886364,0.92631579,3.5690655,20,3.8756812462628,1,0.92631579,0.92631579,0.001742083015726662,3.5690655
Streptomyces,late,0.034974583,0.034974583,55.28657,1,3.079168,20,3.49210122963676,1,1,1,0.034974583,3.079168
Lechevalieria,late,0.026581091,0.026581091,53.714783,1,18.776377,20,10.7968522268524,1,1,1,0.026581091,18.776377
Nocardioides,late,0.017615914,0.017615914,50.800966,1,1.6362022,20,1.72728196216009,1,1,1,0.017615914,1.6362022
Lapillicoccus,late,0.016649338,0.016285965,9.1388889,0.97816425,3.0326445,20,3.47495616632777,1,0.97816425,0.97816425,0.0162857872177665,3.0326445
Genus_NA_Rep_ASV231,late,0.013635359,0.013635359,7.9393237,1,2.8728296,20,3.00778411962311,1,1,1,0.013635359,2.8728296
Genus_NA_Rep_ASV564,late,0.015629073,0.013582012,7.5030769,0.86898551,29.407619,20,22.3309188820812,1,0.86898551,0.86898551,0.013581437971732231,29.407619
Actinocorallia,late,0.013023929,0.013023929,17.826473,1,3.120037,20,2.83419903035461,1,1,1,0.013023929,3.120037
Genus_NA_Rep_ASV116,late,0.01174009,0.01174009,10.821643,1,2.3744702,20,2.0991801676798,1,1,1,0.01174009,2.3744702
Allorhizobium.Neorhizobium.Pararhizobium.Rhizobium,late,0.011438342,0.011438342,10.738357,1,3.0273855,20,2.98249991510906,1,1,1,0.011438342,3.0273855
Galbitalea,late,0.011097762,0.011097762,23.341256,1,1.7872836,20,1.86651911910711,1,1,1,0.011097762,1.7872836
Rhodoferax,late,0.010859582,0.010147868,6.8883721,0.93449275,1.9623502,20,2.48092318740876,1,0.93449275,0.93449275,0.0101482006470305,1.9623502
Promicromonospora,late,0.012182527,0.0098392412,6.0810811,0.80792271,12.694477,20,33.3488626972286,1,0.80792271,0.80792271,0.009842540228488171,12.694477
Niastella,late,0.013654167,0.0088852516,6.7443678,0.65062802,10.787579,20,12.4468084762979,1,0.65062802,0.65062802,0.00888378363995934,10.787579
Catenulispora,late,0.012820222,0.0081168683,17.586207,0.63323671,5.8658043,20,8.20746358386308,1,0.63323671,0.63323671,0.00811823520074962,5.8658043
Marmoricola,late,0.0072313111,0.0072313111,15.537778,1,1.6310687,20,1.78255109259712,1,1,1,0.0072313111,1.6310687
Genus_NA_Rep_ASV23,middle,0.02561806,0.02561806,49.927083,1,5.2850741,20,5.10362129101882,1,1,1,0.02561806,5.2850741
Aetherobacter,middle,0.025114841,0.025114841,7.03125,1,14.579504,20,16.2346813411835,1,1,1,0.025114841,14.579504
Polaromonas,middle,0.021788311,0.021788311,7.2291667,1,7.2291667,20,6.66666666151515,1,1,1,0.021788311,7.2291667
Flavobacterium,middle,0.020918349,0.020918349,72.65625,1,6.9454449,20,7.6408202332146,1,1,1,0.020918349,6.9454449
Arenimonas,middle,0.015960592,0.015960592,11.541667,1,5.2836851,20,4.39051418313474,1,1,1,0.015960592,5.2836851
Genus_NA_Rep_ASV116,middle,0.012223335,0.012223335,8.2395833,1,2.0169813,20,2.3278560247482,1,1,1,0.012223335,2.0169813
Devosia,middle,0.012063745,0.012063745,38.083333,1,3.2782357,20,3.46452939975214,1,1,1,0.012063745,3.2782357
Genus_NA_Rep_ASV459,middle,0.011167821,0.01105149,7.2105263,0.98958333,6.4493189,20,6.97265624477393,1,0.98958333,0.98958333,0.011051489494023929,6.4493189
Galbitalea,middle,0.010648859,0.010648859,23.5625,1,2.5477857,20,2.41283676687972,1,1,1,0.010648859,2.5477857
Rhodoferax,middle,0.0110076,0.010319625,6.9,0.9375,3.0302118,20,2.31199186942092,1,0.9375,0.9375,0.010319624999999999,3.0302118
Asticcacaulis,middle,0.0086156145,0.0086156145,8.6145833,1,3.3740451,20,3.63977377552289,1,1,1,0.0086156145,3.3740451
Herpetosiphon,middle,0.007025347,0.0068058049,4.0967742,0.96875,8.4786932,20,8.76638575557348,1,0.96875,0.96875,0.006805804906250001,8.4786932
Massilia,middle,0.0062900823,0.0062900823,20.3125,1,2.5101337,20,2.59557748518417,1,1,1,0.0062900823,2.5101337
Lacunisphaera,middle,0.0065524582,0.0062794391,3.2934783,0.95833333,5.494213,20,5.12931033818272,1,0.95833333,0.95833333,0.006279439086491805,5.494213
Emticicia,middle,0.0078460143,0.0060479694,1.6621622,0.77083333,13.896634,20,20.8143936872107,1,0.77083333,0.77083333,0.00604796933009662,13.896634
